Model,MAE,RMSE,MAPE (%)
Linear Regression (trend+season+promo),2779.894423575135,3640.909294836214,2.617589993835626
Holt-Winters Exponential Smoothing,4932.297529740532,7169.366847506831,4.486075830507426
